pq_page,category
25,HISTORYSCIENCE
336,CULTUREHISTORYSCIENCE
663,SCIENCE
717,GEOGRAPHY
737
770,CULTUREGEOGRAPHY
904
931,CULTURE
1365,SCIENCE
1680
1844,CULTUREGEOGRAPHYHISTORYSCIENCE
2065,CULTUREGEOGRAPHY
2067,GEOGRAPHY
2130,CULTURE
2174,CULTURE
2219,HISTORYSCIENCE
2408,SCIENCE
2442
2593
2834,CULTUREHISTORY
2963
2995,SCIENCE
3185
3382
3383,GEOGRAPHY
3392,GEOGRAPHY
3454,GEOGRAPHY
3457,GEOGRAPHYHISTORY
3736,GEOGRAPHY
4054,HISTORY
4068,CULTUREGEOGRAPHYSCIENCE
4116
4220,GEOGRAPHY
4230,SCIENCE
4234
4251,CULTURE
4329
4335,CULTURE
4347
4455,CULTURE
4472,CULTURE
4501,HISTORYSCIENCE
4650
4652,GEOGRAPHYHISTORY
4822
4849
5025,CULTUREGEOGRAPHY
5192,GEOGRAPHY
5195,HISTORYSCIENCE
5199,GEOGRAPHYHISTORY
5312,CULTUREHISTORY
5813,CULTUREGEOGRAPHYHISTORY
5935,CULTURE
5962,SCIENCE
6140,CULTUREHISTORY
6220,SCIENCE
6418
6558,CULTURE
6611,CULTUREGEOGRAPHY
6614,CULTURE
6635
6641,GEOGRAPHYSCIENCE
6693,SCIENCE
6851
6868,CULTURESCIENCE
7012,GEOGRAPHYSCIENCE
7045,GEOGRAPHYHISTORYSCIENCE
7053,HISTORY
7085,HISTORY
7235,CULTUREGEOGRAPHYHISTORY
7341,CULTURE
7388,CULTUREHISTORY
7738,CULTURESCIENCE
7803,HISTORY
7940
7989,CULTURESCIENCE
8092,CULTURE
8099,CULTURE
8209,CULTUREGEOGRAPHY
8367,CULTURESCIENCE
8418,GEOGRAPHYHISTORY
8593
8651,SCIENCE
8687,GEOGRAPHY
8695,CULTUREGEOGRAPHYHISTORY
8696,CULTUREGEOGRAPHYHISTORY
8752,GEOGRAPHYHISTORY
8827,HISTORY
9317
9508,GEOGRAPHY
9531,SCIENCE
9553,CULTUREGEOGRAPHYHISTORYSCIENCE
9616,CULTURE
9691,GEOGRAPHY
9763,SCIENCE
9837,SCIENCE
9891,SCIENCE
9954,CULTUREGEOGRAPHY
9974,GEOGRAPHYHISTORY
10166,GEOGRAPHYHISTORY
10223,GEOGRAPHY
10245,CULTUREHISTORY
10296,SCIENCE
10332,HISTORYSCIENCE
10531,GEOGRAPHYSCIENCE
10568,CULTURE
10802,CULTURE
10827,CULTURE
10885,CULTURE
10891,SCIENCE
10949,SCIENCE
10997,SCIENCE
11092,GEOGRAPHY
11127,GEOGRAPHYHISTORY
11370,CULTURE
11447,GEOGRAPHYHISTORY
11579,SCIENCE
12024
12102,GEOGRAPHYHISTORY
12362,SCIENCE
12386,SCIENCE
12614
12770,GEOGRAPHY
12866,SCIENCE
13021,CULTURE
13052,SCIENCE
13172,CULTURE
13256
13486,CULTUREHISTORYSCIENCE
13610,HISTORY
13625,GEOGRAPHYHISTORY
13658,HISTORY
13772,HISTORY
13774
13815
14105,GEOGRAPHYHISTORY
14229,CULTURESCIENCE
14451
14560
14579,GEOGRAPHY
14627,CULTUREGEOGRAPHYHISTORYSCIENCE
14678,GEOGRAPHYHISTORYSCIENCE
14790,CULTUREGEOGRAPHY
14880
14895
14914
14918,GEOGRAPHYHISTORY
14944,SCIENCE
15022,SCIENCE
15043,GEOGRAPHYHISTORYSCIENCE
15100
15179,CULTUREGEOGRAPHYHISTORY
15242,HISTORYSCIENCE
15406,HISTORY
15575
15604,CULTURE
15622,CULTURE
15736,CULTUREGEOGRAPHYHISTORYSCIENCE
15777
15919
15980
16261,CULTURE
16315,CULTUREHISTORY
16494,CULTURE
16756
16768,CULTUREGEOGRAPHY
16796
16858,CULTUREGEOGRAPHYHISTORY
16880,GEOGRAPHY
16890,CULTURE
17391,GEOGRAPHY
17538
17541,CULTURE
17556
17725,CULTURE
17738,CULTUREHISTORY
17839,HISTORY
17862,CULTUREGEOGRAPHYHISTORY
17902,CULTUREGEOGRAPHYHISTORYSCIENCE
17926,HISTORY
17992,CULTUREGEOGRAPHY
18053,CULTUREGEOGRAPHY
18290,SCIENCE
18390,CULTUREGEOGRAPHYHISTORY
18739,GEOGRAPHYHISTORYSCIENCE
18831,SCIENCE
18894,CULTUREGEOGRAPHY
19137,GEOGRAPHY
19226,GEOGRAPHYHISTORYSCIENCE
19331
19445,CULTUREGEOGRAPHYHISTORYSCIENCE
19694
19708,HISTORYSCIENCE
19714,CULTUREHISTORY
19894,CULTURE
19898,GEOGRAPHY
20043
20057,CULTUREGEOGRAPHY
20206,GEOGRAPHY
20254,SCIENCE
20374,SCIENCE
20396,CULTUREGEOGRAPHY
20397
20423,GEOGRAPHYHISTORYSCIENCE
20498
20582
20640,SCIENCE
20844
20952,GEOGRAPHY
21133
21247,CULTUREGEOGRAPHYHISTORYSCIENCE
21302,GEOGRAPHY
21503,GEOGRAPHY
21544,SCIENCE
21615,CULTUREGEOGRAPHY
21690,SCIENCE
21719,CULTUREGEOGRAPHY
21830,SCIENCE
21839
21969
22218,GEOGRAPHY
22387,SCIENCE
22416,CULTUREGEOGRAPHYHISTORY
22473,CULTUREGEOGRAPHYHISTORY
22479,CULTURE
22489
22576
22669,SCIENCE
22701
22915,SCIENCE
22939
23033,GEOGRAPHY
23056,CULTUREGEOGRAPHYHISTORY
23219,SCIENCE
23235,GEOGRAPHY
23365,GEOGRAPHYHISTORY
23460,GEOGRAPHY
23588
23745,CULTURE
23749,GEOGRAPHYSCIENCE
23754
23798,SCIENCE
23871,CULTURE
23880,CULTUREGEOGRAPHY
24048,SCIENCE
24451,HISTORY
24632,GEOGRAPHYHISTORY
24639,CULTURE
24836
24953,CULTUREGEOGRAPHY
25005,SCIENCE
25410,GEOGRAPHY
25421,CULTURE
25491,CULTUREGEOGRAPHY
25534,GEOGRAPHY
25602,SCIENCE
25604
25781,SCIENCE
25807
25821
25971
26348
26458,CULTUREGEOGRAPHYHISTORY
26709
26790,CULTURE
26808
26884,SCIENCE
26895,GEOGRAPHYHISTORY
26905,HISTORY
27009
27117
27127
27198,GEOGRAPHY
27248,GEOGRAPHY
27480,GEOGRAPHYHISTORY
27720,CULTUREGEOGRAPHY
27745,SCIENCE
27790,HISTORYSCIENCE
28017,GEOGRAPHYSCIENCE
28217,CULTURE
28394,HISTORYSCIENCE
28442,SCIENCE
28611,CULTURE
28672,CULTUREHISTORY
28876,GEOGRAPHY
28900
28922
29136,CULTUREGEOGRAPHY
29247,SCIENCE
29678,HISTORYSCIENCE
29832,CULTURE
29919,GEOGRAPHYHISTORY
29922,CULTUREGEOGRAPHYHISTORYSCIENCE
29952,SCIENCE
30001,SCIENCE
30012
30158,GEOGRAPHY
30292
30299,CULTURESCIENCE
30320,CULTURE
30322,SCIENCE
30367,SCIENCE
30467,SCIENCE
30769,CULTUREGEOGRAPHY
30903,CULTURE
30906,SCIENCE
31161,HISTORYSCIENCE
31258,GEOGRAPHYHISTORY
31275,CULTURE
31353,CULTURE
31392,GEOGRAPHYSCIENCE
31453
31497,GEOGRAPHYHISTORY
31501,CULTURE
31586,CULTUREGEOGRAPHY
31717,GEOGRAPHY
31734,SCIENCE
32031,GEOGRAPHYHISTORY
32512
32551,CULTUREGEOGRAPHYHISTORY
32578
33613,GEOGRAPHY
33684,CULTUREGEOGRAPHY
33709
33879
33941
33972,CULTUREGEOGRAPHYSCIENCE
34040,GEOGRAPHY
34197,SCIENCE
34258,CULTURESCIENCE
34484,CULTUREHISTORY
36790,SCIENCE
36812,CULTUREHISTORY
36896
37407,GEOGRAPHY
37479,CULTUREGEOGRAPHY
37589,GEOGRAPHY
37749,CULTUREGEOGRAPHYHISTORY
37756,GEOGRAPHY
37782,CULTUREGEOGRAPHYHISTORYSCIENCE
37913,SCIENCE
38173,HISTORYSCIENCE
38214,CULTURE
38330,GEOGRAPHY
38579,SCIENCE
38930
39086,CULTUREGEOGRAPHY
39418,SCIENCE
40142,CULTURESCIENCE
40233,CULTURE
40673
41524,CULTURE
41879,CULTURE
42009,CULTURE
42029,CULTUREHISTORY
42540
42716,CULTUREGEOGRAPHY
42787,GEOGRAPHYHISTORY
42799,SCIENCE
42902
43384,CULTUREGEOGRAPHYHISTORY
43569,CULTUREGEOGRAPHYHISTORY
43617,CULTURESCIENCE
43717,CULTUREHISTORYSCIENCE
43824,CULTUREGEOGRAPHYHISTORY
43951,GEOGRAPHY
43972,SCIENCE
44186
44469,SCIENCE
44475,SCIENCE
44539,GEOGRAPHYHISTORY
44592,GEOGRAPHY
44714,CULTURE
44883,SCIENCE
44905,SCIENCE
45492,CULTURE
45609,GEOGRAPHY
46006,CULTUREHISTORY
46634,CULTURE
46684,CULTUREGEOGRAPHYHISTORY
46744,CULTUREHISTORY
46793,GEOGRAPHY
46817,GEOGRAPHYSCIENCE
46833,GEOGRAPHYHISTORY
46853
46973
47910,CULTUREGEOGRAPHY
48064,CULTUREGEOGRAPHY
48404,SCIENCE
48571,CULTUREHISTORY
48607,GEOGRAPHY
48664,GEOGRAPHYHISTORY
48672,GEOGRAPHY
48820
48824,SCIENCE
49147,HISTORY
49598,SCIENCE
49603,CULTUREGEOGRAPHYHISTORY
49860,GEOGRAPHYSCIENCE
49870,GEOGRAPHYSCIENCE
49905,GEOGRAPHY
50449,CULTUREHISTORYSCIENCE
50518
50601,SCIENCE
50603
50745,CULTUREGEOGRAPHY
50807,GEOGRAPHY
51962,HISTORY
52222,GEOGRAPHYHISTORY
52713,SCIENCE
52753,CULTURE
52754,CULTURE
52756,CULTURE
52830
52974,SCIENCE
53045,SCIENCE
53070
53258,HISTORY
53560
53597,CULTURE
53869,CULTUREGEOGRAPHYHISTORY
54001,GEOGRAPHYHISTORY
54166,CULTUREGEOGRAPHY
54205,HISTORYSCIENCE
54232
54306
54410
54887,CULTUREHISTORY
55097,GEOGRAPHYHISTORY
55117,CULTUREGEOGRAPHY
55693,SCIENCE
56043
56142,GEOGRAPHY
56170,GEOGRAPHY
56481
56483,HISTORYSCIENCE
56504,GEOGRAPHYHISTORY
56542,CULTUREGEOGRAPHYHISTORY
56864,GEOGRAPHY
57101,CULTUREGEOGRAPHYHISTORY
57212,GEOGRAPHY
57458,SCIENCE
57585,CULTUREGEOGRAPHY
57621,SCIENCE
57877,SCIENCE
58376,HISTORY
58687,HISTORYSCIENCE
58791
58953,HISTORYSCIENCE
59071
59746,SCIENCE
59812
59993,CULTURE
60737,HISTORYSCIENCE
60845,CULTUREGEOGRAPHYHISTORY
60907,CULTUREGEOGRAPHY
60969
61097,SCIENCE
61273,HISTORYSCIENCE
61322,CULTUREHISTORY
61949,CULTUREGEOGRAPHY
61990,GEOGRAPHYSCIENCE
62114,CULTUREGEOGRAPHYHISTORY
62480,CULTUREGEOGRAPHYHISTORY
62696
62810,SCIENCE
63156,CULTUREGEOGRAPHY
63444,CULTUREHISTORY
63522,SCIENCE
63698,GEOGRAPHYHISTORY
63837,SCIENCE
63844,SCIENCE
64646,GEOGRAPHY
64673,CULTUREGEOGRAPHY
64906,CULTURE
65735,HISTORY
66331,GEOGRAPHYHISTORY
66402,GEOGRAPHYHISTORY
66440,CULTUREGEOGRAPHY
66495,CULTURE
66572,GEOGRAPHYSCIENCE
66743,CULTUREGEOGRAPHY
66910,CULTUREGEOGRAPHY
66951,CULTUREHISTORY
67055,CULTURESCIENCE
67511,GEOGRAPHY
67538,GEOGRAPHYHISTORY
68392
68493,GEOGRAPHYHISTORY
68854,GEOGRAPHY
69795,CULTUREGEOGRAPHYHISTORY
69887,GEOGRAPHY
70318,CULTURE
70576,SCIENCE
70760
70948,CULTUREGEOGRAPHY
70983
71079,CULTUREGEOGRAPHYHISTORY
71234
71966
71989
73131,CULTUREGEOGRAPHY
73842,CULTUREGEOGRAPHY
74573,CULTUREGEOGRAPHY
75233,CULTURESCIENCE
76511,HISTORY
76592,CULTUREHISTORY
77385,SCIENCE
77485,SCIENCE
77884,GEOGRAPHY
78160
79583,GEOGRAPHYHISTORY
80130,SCIENCE
80149,CULTUREGEOGRAPHYHISTORY
80833,CULTUREGEOGRAPHY
80900,CULTUREGEOGRAPHYHISTORY
81061,GEOGRAPHYHISTORY
81215,GEOGRAPHY
81565,CULTUREGEOGRAPHY
81580,SCIENCE
82963,CULTURE
83440,CULTUREGEOGRAPHY
84137,CULTUREHISTORY
86546,CULTUREGEOGRAPHYHISTORY
87145,CULTUREGEOGRAPHY
88079,CULTUREGEOGRAPHY
88678,CULTUREGEOGRAPHY
88885,GEOGRAPHY
88916,GEOGRAPHY
89074,GEOGRAPHY
89488,GEOGRAPHYHISTORY
89684
89807
90506,GEOGRAPHY
90625,CULTURE
91099
93749,CULTUREGEOGRAPHY
93815,CULTUREGEOGRAPHY
95129,GEOGRAPHY
95440,GEOGRAPHY
96081
97066,GEOGRAPHYHISTORY
97295,GEOGRAPHY
97646,CULTUREHISTORY
97803,CULTUREGEOGRAPHY
98616,CULTURE
98779
98927,CULTUREHISTORY
99491,SCIENCE
99656,CULTUREHISTORYSCIENCE
100062
100132,CULTURE
101135,CULTURE
101594
101914,CULTUREGEOGRAPHY
102445,CULTURE
102490
102930,GEOGRAPHY
102952,CULTUREGEOGRAPHY
102994,CULTUREGEOGRAPHY
103400,GEOGRAPHY
104690,GEOGRAPHY
105391,CULTURE
106128,CULTUREGEOGRAPHYHISTORY
106155,CULTUREHISTORY
107387,GEOGRAPHY
107591,GEOGRAPHY
107783,GEOGRAPHY
108110,GEOGRAPHY
108151,GEOGRAPHY
109021,GEOGRAPHY
109495,GEOGRAPHY
110118,GEOGRAPHY
112339,GEOGRAPHY
113145,GEOGRAPHY
113678
115182,GEOGRAPHY
115522,GEOGRAPHY
116732,GEOGRAPHY
120295,GEOGRAPHY
121732,GEOGRAPHY
122329,CULTURE
122452,GEOGRAPHY
125291,SCIENCE
125311,CULTURE
125561,CULTURE
128549,GEOGRAPHY
128759,GEOGRAPHY
129194,CULTUREGEOGRAPHY
133874,CULTUREGEOGRAPHY
135611,GEOGRAPHY
135801,GEOGRAPHY
137473,CULTURE
137522,GEOGRAPHY
138726,GEOGRAPHY
138791,GEOGRAPHY
140437
140899,GEOGRAPHYHISTORY
141875,CULTUREHISTORY
142292,CULTUREHISTORY
142990
143130,CULTUREGEOGRAPHY
143713,CULTURE
144155,GEOGRAPHYHISTORY
144810,CULTUREHISTORY
144936,CULTUREGEOGRAPHY
145830,CULTUREGEOGRAPHYHISTORY
146595,CULTUREGEOGRAPHY
146660,CULTURE
146742,GEOGRAPHYHISTORY
146791,CULTUREGEOGRAPHY
147019
147429,CULTUREGEOGRAPHY
148415,CULTUREHISTORY
148453,CULTUREHISTORY
149289,SCIENCE
150116,CULTUREGEOGRAPHYHISTORY
150969
151232,GEOGRAPHY
151608,CULTUREGEOGRAPHY
151701,GEOGRAPHY
151839,GEOGRAPHY
153008,SCIENCE
153182,CULTUREHISTORY
153557,CULTURE
153647
154034,CULTUREHISTORY
155160,CULTUREGEOGRAPHY
156618,GEOGRAPHY
157304,CULTURE
157472,CULTUREGEOGRAPHYHISTORY
157606,SCIENCE
157804
157814,GEOGRAPHYHISTORY
158177,CULTUREGEOGRAPHYHISTORY
158539,CULTURE
158893,CULTURE
158902,GEOGRAPHY
158991,CULTURE
159083
159160,GEOGRAPHY
159833
160300,HISTORY
161459,CULTURE
161670
162296,SCIENCE
163887,CULTUREGEOGRAPHY
164225,CULTURE
165296,CULTUREGEOGRAPHYHISTORY
165404,CULTURE
165926,CULTUREGEOGRAPHY
166276,CULTUREGEOGRAPHY
166605,SCIENCE
167051,CULTURE
167609,GEOGRAPHY
168706,HISTORYSCIENCE
168715,CULTUREGEOGRAPHYHISTORYSCIENCE
169107,CULTUREGEOGRAPHY
169523,CULTURE
169900,CULTUREGEOGRAPHY
170870,CULTURE
171020,GEOGRAPHYSCIENCE
171080,CULTUREGEOGRAPHY
171162
171527,SCIENCE
172049,CULTURE
172273,SCIENCE
172717
174857,CULTUREGEOGRAPHY
175071,GEOGRAPHY
175801,CULTURE
177174,SCIENCE
177538,CULTUREGEOGRAPHY
179328,CULTURE
179375,CULTURE
179513,CULTUREGEOGRAPHYHISTORY
180475,CULTUREGEOGRAPHY
180750,CULTUREGEOGRAPHY
182144,CULTUREGEOGRAPHYHISTORY
182792,HISTORY
183256,HISTORYSCIENCE
184678,CULTURE
184774,SCIENCE
184779,HISTORY
185979,GEOGRAPHYHISTORY
186266
186724,HISTORY
187381,HISTORY
187607
187769,SCIENCE
187861
187946,SCIENCE
188077,CULTUREGEOGRAPHYHISTORY
189351,CULTUREGEOGRAPHYSCIENCE
189654,CULTURE
191846,CULTURE
192551,GEOGRAPHYHISTORY
194557,CULTURE
195493,HISTORYSCIENCE
196121
197367,CULTURE
198089,GEOGRAPHYHISTORY
198433,CULTURE
199483,GEOGRAPHYHISTORY
199665,SCIENCE
199932
201087,HISTORYSCIENCE
201184,CULTUREGEOGRAPHY
202693,CULTURE
203407,CULTURE
203501,CULTURE
203756,CULTUREGEOGRAPHYHISTORY
203860,GEOGRAPHY
204281,CULTUREGEOGRAPHYHISTORY
204637,GEOGRAPHY
205635,SCIENCE
205707,CULTUREGEOGRAPHY
206029,CULTURE
206337,GEOGRAPHY
206442,CULTURE
206947,SCIENCE
207036,SCIENCE
207068,CULTUREGEOGRAPHY
207227
208430,SCIENCE
210213,CULTUREHISTORY
210280,CULTURE
210494,CULTUREGEOGRAPHY
211899,GEOGRAPHY
212187
214233,CULTUREHISTORY
214799,CULTURE
216017
216169,CULTUREGEOGRAPHYHISTORY
216855,CULTURE
216965,CULTUREGEOGRAPHYSCIENCE
217513,CULTUREGEOGRAPHYHISTORY
218181,GEOGRAPHYHISTORY
218299,GEOGRAPHYHISTORY
218754,CULTURE
219620
222324
222568,CULTURE
222788,CULTURE
222902,GEOGRAPHYHISTORY
223640,CULTURE
224148,CULTURE
224173,CULTUREGEOGRAPHYHISTORYSCIENCE
224443
224478,GEOGRAPHY
225607,SCIENCE
225970,CULTUREGEOGRAPHY
227244,CULTURE
227254
227494,CULTUREGEOGRAPHYHISTORY
227533,SCIENCE
227879
229654,CULTUREGEOGRAPHY
230932,CULTUREHISTORY
231223,CULTUREGEOGRAPHY
231249,SCIENCE
233217,SCIENCE
235554
235869,CULTUREGEOGRAPHYHISTORY
236104,HISTORY
236856,SCIENCE
237585,SCIENCE
237925,CULTUREGEOGRAPHYHISTORY
238115,SCIENCE
238199,SCIENCE
238508,SCIENCE
239076,SCIENCE
239863
240090,GEOGRAPHY
240267,CULTURE
240378,CULTUREGEOGRAPHY
240952,CULTUREGEOGRAPHY
241637
241810,SCIENCE
242280,CULTURE
242352,HISTORY
244052,CULTURE
244099,CULTURE
244233,CULTURE
245966,SCIENCE
246007,CULTURE
246089,CULTUREGEOGRAPHYHISTORY
246260
246275,SCIENCE
246350
246355,CULTUREGEOGRAPHY
246472,GEOGRAPHYSCIENCE
247110,GEOGRAPHY
247156,HISTORY
248383
248866,CULTUREGEOGRAPHYHISTORY
249601,GEOGRAPHY
250701,CULTUREGEOGRAPHYHISTORY
250882,SCIENCE
251485,GEOGRAPHYHISTORY
252117,CULTUREGEOGRAPHY
252289,GEOGRAPHYHISTORY
252881,HISTORY
252981
253173,GEOGRAPHY
254289,SCIENCE
256124
260346,CULTURE
262525,GEOGRAPHYHISTORYSCIENCE
263801,SCIENCE
264379,GEOGRAPHYHISTORYSCIENCE
265079,SCIENCE
265083,GEOGRAPHY
265496,CULTURE
265679,GEOGRAPHYHISTORY
266204
267624,GEOGRAPHY
269055,CULTUREGEOGRAPHYHISTORY
269828,CULTURE
269891
270185,SCIENCE
270673,GEOGRAPHYHISTORYSCIENCE
273319,CULTUREGEOGRAPHY
274490,CULTURE
274851,GEOGRAPHYHISTORY
274959,CULTURE
276115,SCIENCE
276931,CULTURE
277835,CULTUREGEOGRAPHY
278492,CULTUREGEOGRAPHYHISTORY
282250,CULTUREGEOGRAPHYHISTORY
284379,CULTURE
284384,GEOGRAPHY
285062,CULTUREHISTORY
285200
285203,CULTURE
286271
286369,GEOGRAPHYHISTORY
286390,GEOGRAPHYHISTORYSCIENCE
286411,GEOGRAPHY
286444
286817,SCIENCE
287088,GEOGRAPHY
287314,CULTUREGEOGRAPHYHISTORY
288354
288515,CULTURE
292794,CULTURE
293094,CULTURESCIENCE
293096,CULTUREGEOGRAPHYHISTORY
293253,CULTUREHISTORY
293349,GEOGRAPHY
293409,CULTUREGEOGRAPHYHISTORY
294707,GEOGRAPHYHISTORYSCIENCE
296270,CULTURE
297466,SCIENCE
297924,CULTURESCIENCE
298658,CULTUREHISTORY
300047,CULTURE
300208,HISTORY
300632,GEOGRAPHY
301737,GEOGRAPHY
302602,CULTURE
303799,CULTURE
303890,GEOGRAPHY
304107,CULTUREGEOGRAPHYHISTORY
304604,SCIENCE
306325,CULTUREGEOGRAPHY
306828,CULTURE
307406,GEOGRAPHY
307541,CULTURE
308084,GEOGRAPHYHISTORY
308460,CULTUREGEOGRAPHYHISTORY
309668,GEOGRAPHYHISTORY
309714,CULTUREHISTORYSCIENCE
310408
310584,CULTUREGEOGRAPHY
311154,GEOGRAPHY
311764,GEOGRAPHYHISTORY
313026,CULTUREGEOGRAPHY
313915
314702,CULTUREGEOGRAPHYHISTORY
314821,GEOGRAPHYHISTORY
314843,HISTORY
315494,GEOGRAPHY
316158,CULTUREGEOGRAPHYHISTORY
316255
316304,GEOGRAPHY
317070,CULTURE
318313,GEOGRAPHY
318381,GEOGRAPHY
319214,CULTURE
320467,GEOGRAPHYHISTORY
321496,CULTURE
322460,HISTORYSCIENCE
322851,CULTUREGEOGRAPHY
322915,GEOGRAPHY
325502,GEOGRAPHY
327316,GEOGRAPHY
327498,CULTURE
327628,GEOGRAPHYHISTORY
329119,CULTURE
329520,HISTORY
330792,GEOGRAPHY
331074,CULTUREGEOGRAPHY
331219,CULTUREHISTORY
333050,CULTURE
333380,GEOGRAPHY
333398,SCIENCE
333778
335446,HISTORY
337069,GEOGRAPHY
337153
339827,CULTUREGEOGRAPHY
341356,GEOGRAPHYHISTORY
343279,CULTURE
344149,CULTURE
345429,GEOGRAPHY
345984,GEOGRAPHYHISTORY
346075,CULTURE
346153,CULTUREGEOGRAPHY
346986
347297,CULTURE
347441
348091,CULTUREGEOGRAPHYHISTORY
348677,CULTUREGEOGRAPHY
349035,GEOGRAPHY
349266,CULTUREGEOGRAPHY
349303,GEOGRAPHY
350611,GEOGRAPHYHISTORY
350945,CULTURESCIENCE
352843,CULTURE
355679,GEOGRAPHY
355852,CULTUREGEOGRAPHYHISTORY
357657,SCIENCE
358546,GEOGRAPHY
359083
360267,CULTUREHISTORY
360345,CULTUREGEOGRAPHY
361548,CULTURE
362404,CULTURE
363236,CULTURE
363831,HISTORY
364322,CULTURE
365088,GEOGRAPHYHISTORY
365342
365574,CULTURE
366318,GEOGRAPHYHISTORY
366458,CULTUREGEOGRAPHY
366696,GEOGRAPHYHISTORYSCIENCE
366718,CULTURE
367461,SCIENCE
367929
368374,GEOGRAPHY
368557,GEOGRAPHY
368663,CULTURE
369961,CULTUREGEOGRAPHYHISTORY
370181,GEOGRAPHY
371476,CULTUREGEOGRAPHYHISTORY
371803,GEOGRAPHY
372266,SCIENCE
372841
372920,SCIENCE
374778,GEOGRAPHY
375022,CULTURE
375166
376118
376841
377194,CULTURE
377245,SCIENCE
378231,CULTUREGEOGRAPHY
378727,GEOGRAPHYHISTORY
379210,CULTUREHISTORYSCIENCE
379591
379793,GEOGRAPHYSCIENCE
379910,GEOGRAPHY
380497,CULTURE
380840,CULTURE
383448,CULTUREGEOGRAPHY
385000,GEOGRAPHYHISTORY
388138,CULTURE
389912,CULTUREHISTORY
390123,GEOGRAPHYHISTORY
392566,CULTUREGEOGRAPHY
392975,CULTURE
394056,GEOGRAPHY
398028
398831,CULTUREGEOGRAPHY
401032,GEOGRAPHYHISTORYSCIENCE
401777,CULTURE
406640,CULTURE
407505
407925,CULTURE
408198,GEOGRAPHY
408270,GEOGRAPHYHISTORY
408866,GEOGRAPHY
409113,CULTURE
409576,CULTURE
410424,GEOGRAPHYHISTORYSCIENCE
414113,CULTURE
415328
416781,CULTUREGEOGRAPHY
417424,HISTORY
418480,GEOGRAPHYHISTORYSCIENCE
418820,CULTURE
419271,CULTURE
420232,CULTURE
421853
421984,CULTURE
422315,HISTORY
423606
423676,CULTUREGEOGRAPHY
423951,GEOGRAPHYHISTORY
424169,GEOGRAPHYHISTORYSCIENCE
424948,CULTURE
426498
427627,HISTORY
428693
433329,CULTUREGEOGRAPHY
434161
434528,CULTUREHISTORY
436822
441261,HISTORY
446457,SCIENCE
446931,GEOGRAPHY
447610,CULTURE
447621,CULTUREGEOGRAPHY
447779,GEOGRAPHY
448549
449677,SCIENCE
450104,GEOGRAPHY
450634,CULTURE
451170,CULTUREGEOGRAPHY
454915,GEOGRAPHYHISTORYSCIENCE
459177,GEOGRAPHYHISTORY
459445,HISTORY
459777,CULTURE
464821,SCIENCE
468831,CULTUREGEOGRAPHY
469583,GEOGRAPHYHISTORY
469718,CULTUREGEOGRAPHY
470626,CULTUREGEOGRAPHY
470829,GEOGRAPHY
472750,CULTUREGEOGRAPHYHISTORY
474670,CULTURE
474809,GEOGRAPHY
475370,CULTUREGEOGRAPHY
476963,GEOGRAPHY
477331
478684,CULTUREGEOGRAPHYHISTORY
480181,GEOGRAPHY
480725
481605
481634,CULTUREGEOGRAPHY
482216,CULTUREGEOGRAPHY
484125
485352,HISTORY
488027,CULTUREGEOGRAPHYHISTORY
488227,GEOGRAPHY
488330,SCIENCE
488714
489833,GEOGRAPHY
490092,CULTUREGEOGRAPHY
490935,GEOGRAPHY
491690,GEOGRAPHYHISTORY
491921
492271,HISTORYSCIENCE
494401
499023,CULTURE
500054,GEOGRAPHY
500560,GEOGRAPHY
501086
501402,CULTUREGEOGRAPHYHISTORYSCIENCE
501413,GEOGRAPHY
501861,SCIENCE
502724,CULTUREGEOGRAPHYHISTORY
502728,CULTUREGEOGRAPHYHISTORYSCIENCE
503750,GEOGRAPHYHISTORY
503915,CULTURE
505664,CULTURE
507036,CULTUREGEOGRAPHY
508563,HISTORY
513501
513544,CULTUREGEOGRAPHY
514097,SCIENCE
514342,CULTUREGEOGRAPHY
514897,GEOGRAPHYHISTORY
516156,CULTURE
518100
518882,GEOGRAPHYHISTORY
518916,CULTURE
518980,GEOGRAPHYHISTORY
519115,CULTURE
520482,CULTURE
524346,CULTURE
526222
527004,CULTUREGEOGRAPHYHISTORY
528806,CULTURE
529678,GEOGRAPHYHISTORY
529785,CULTUREGEOGRAPHY
530163,CULTURE
530420,CULTURE
531972,SCIENCE
533442,CULTUREHISTORY
534060,GEOGRAPHYHISTORYSCIENCE
534079,SCIENCE
536009,CULTURE
538284
539155,CULTUREGEOGRAPHY
542694,GEOGRAPHY
543841,GEOGRAPHYHISTORY
548711,CULTUREGEOGRAPHY
549418,CULTUREGEOGRAPHY
549666,GEOGRAPHY
552873,CULTUREGEOGRAPHY
555643,HISTORY
559066,SCIENCE
559102,CULTUREGEOGRAPHYHISTORY
560168,CULTUREGEOGRAPHYHISTORY
561840,HISTORY
563775,GEOGRAPHY
564119,CULTUREHISTORY
564161,CULTUREGEOGRAPHY
564181,CULTUREGEOGRAPHY
564276
567599,CULTUREGEOGRAPHY
568048,CULTURE
572069,CULTUREHISTORY
572766
573905,GEOGRAPHY
576246,SCIENCE
576360,CULTUREGEOGRAPHY
576607,GEOGRAPHY
581087,CULTURE
583117,GEOGRAPHYHISTORY
583178
583428,CULTUREGEOGRAPHYHISTORYSCIENCE
584369,CULTUREGEOGRAPHYHISTORY
584663,GEOGRAPHY
586830,CULTURE
589980
595799
596902,HISTORYSCIENCE
599018,CULTUREGEOGRAPHY
602190,CULTUREGEOGRAPHYHISTORY
602567,GEOGRAPHY
604705
608772,CULTUREGEOGRAPHY
609112,CULTURE
610759
611744,GEOGRAPHY
611885,GEOGRAPHY
612064,CULTURE
613739,CULTUREGEOGRAPHY
617587,CULTUREGEOGRAPHY
617911,CULTUREGEOGRAPHY
618649,CULTURE
619068,CULTUREGEOGRAPHY
619236,GEOGRAPHYSCIENCE
621492,GEOGRAPHYHISTORY
623885,SCIENCE
623914,GEOGRAPHY
624386,CULTUREGEOGRAPHYHISTORY
630555,GEOGRAPHY
630641,CULTUREGEOGRAPHY
633494,HISTORY
634016
634318,CULTURE
634747
637197,CULTUREGEOGRAPHY
638285,GEOGRAPHY
643729,CULTURE
644233
645474
647268,CULTUREGEOGRAPHY
649032
651996,SCIENCE
652967
655533
659111,GEOGRAPHY
660914,GEOGRAPHY
661094,CULTUREGEOGRAPHY
664861,CULTUREHISTORY
668697,GEOGRAPHYHISTORY
669254,CULTURE
669656,CULTURE
670219,GEOGRAPHY
670415,GEOGRAPHYHISTORY
670570
673306,CULTURE
673804,CULTUREGEOGRAPHY
674188,GEOGRAPHY
674892,CULTUREGEOGRAPHYHISTORY
675561,CULTUREGEOGRAPHY
676238,HISTORY
676767
679074,CULTURE
681328
682586,GEOGRAPHY
682836,CULTUREGEOGRAPHY
682987
692205,GEOGRAPHY
694740,CULTUREGEOGRAPHY
700224,SCIENCE
702117,CULTURE
705642,GEOGRAPHY
706207,CULTUREGEOGRAPHY
710715,CULTUREGEOGRAPHYHISTORYSCIENCE
712568,GEOGRAPHYHISTORY
723208,GEOGRAPHY
723742,SCIENCE
725242,SCIENCE
730578,CULTUREGEOGRAPHYHISTORY
732511,CULTURE
733555,SCIENCE
736733,CULTUREGEOGRAPHY
737610,GEOGRAPHY
737935,GEOGRAPHY
739346,CULTUREGEOGRAPHY
740661,CULTURE
742784,CULTURE
745602
745684,GEOGRAPHY
750583,GEOGRAPHYHISTORY
751353,GEOGRAPHY
752559,CULTURE
752892,CULTURE
755199,CULTUREGEOGRAPHY
755473
758150
759903,CULTURE
762849
763661,SCIENCE
766999
768193
769413,CULTURE
772166
772418,CULTURE
773271,SCIENCE
779862,CULTURE
783118,GEOGRAPHY
788565,CULTUREHISTORYSCIENCE
790106
791733,CULTURE
794128,GEOGRAPHY
797653,GEOGRAPHYSCIENCE
797798,CULTURE
798029,CULTUREGEOGRAPHY
800083
801710,GEOGRAPHY
803030,GEOGRAPHYHISTORY
803044,CULTUREGEOGRAPHYHISTORY
804933,CULTURE
809205,CULTUREGEOGRAPHY
816120
819478,GEOGRAPHYHISTORY
820126,CULTUREGEOGRAPHY
827717,CULTUREGEOGRAPHYHISTORY
833596,SCIENCE
834490,HISTORY
839376,CULTURE
839778,CULTURE
841481,CULTUREGEOGRAPHY
843612,CULTUREGEOGRAPHY
845589,CULTURE
846981,GEOGRAPHYHISTORY
853118,GEOGRAPHY
853212,CULTURE
853744,CULTURE
858073,GEOGRAPHYHISTORY
859443,SCIENCE
863018,CULTURE
863991,GEOGRAPHYHISTORY
865552
869155,CULTURE
869190,CULTURE
870138,CULTURE
871268
871381,CULTUREGEOGRAPHY
872661,GEOGRAPHYHISTORY
874996,CULTURE
880200,GEOGRAPHYHISTORY
883762,CULTUREGEOGRAPHYHISTORY
883836,CULTUREHISTORY
884570,CULTURE
885448,CULTUREGEOGRAPHY
885672
891547,GEOGRAPHYHISTORY
895408,GEOGRAPHYHISTORY
896857,GEOGRAPHY
897385
897536,CULTUREGEOGRAPHYHISTORY
899973,SCIENCE
900554,GEOGRAPHYSCIENCE
900926,CULTUREGEOGRAPHY
903002,GEOGRAPHYSCIENCE
904073,GEOGRAPHY
905639,CULTUREGEOGRAPHYHISTORY
905758,GEOGRAPHY
907306,CULTURE
908169,CULTUREGEOGRAPHYHISTORY
910395,HISTORY
910732,GEOGRAPHYHISTORY
910750,CULTUREHISTORY
911449,GEOGRAPHYHISTORYSCIENCE
913945,CULTURE
917180,GEOGRAPHY
918901,CULTURE
921235,CULTUREGEOGRAPHY
925271,CULTUREGEOGRAPHYSCIENCE
927917,CULTURE
928041,CULTURE
928315
930379,CULTURE
933237,CULTURE
934205,CULTUREGEOGRAPHYSCIENCE
935582,CULTUREGEOGRAPHY
936767,CULTUREGEOGRAPHY
937940,CULTUREGEOGRAPHY
938434,CULTURE
942346,CULTURE
944325,GEOGRAPHYSCIENCE
947164
947570,GEOGRAPHY
948376,CULTURE
948430
952311
953311,HISTORY
953559,GEOGRAPHY
955656,CULTUREGEOGRAPHY
955728,CULTURE
958002,HISTORY
959699,CULTURE
959741,CULTUREHISTORY
966605,CULTUREHISTORY
967007
973887,SCIENCE
975102,CULTURE
980450,CULTURE
981073,CULTUREGEOGRAPHYHISTORY
983300,GEOGRAPHY
983485,CULTURE
984092,CULTURE
984290,CULTURE
984345,CULTURE
985618,HISTORY
986369,HISTORY
987173
989692,CULTUREGEOGRAPHY
990298,SCIENCE
990886,GEOGRAPHY
991203,SCIENCE
993683,CULTURE
993830,CULTURESCIENCE
994533,CULTURE
994800,SCIENCE
996343,CULTURE
998023,CULTUREHISTORY
999394,CULTURE
1001154,GEOGRAPHY
1002559,SCIENCE
1009041
1012555,GEOGRAPHY
1014322
1014333,CULTURE
1014469,CULTURE
1015846,CULTURESCIENCE
1015867,GEOGRAPHY
1016785
1017772,CULTURE
1018445,GEOGRAPHYHISTORY
1019908,SCIENCE
1027922,CULTURE
1028460,CULTURE
1033564,GEOGRAPHY
1035594
1039507,CULTURE
1044456
1048715,GEOGRAPHY
1049215
1049222,GEOGRAPHY
1049803,CULTUREGEOGRAPHY
1050605,CULTUREGEOGRAPHY
1051653,CULTURE
1052626,GEOGRAPHYSCIENCE
1055633,CULTURE
1055714,CULTURE
1058327
1061544,HISTORY
1063933,GEOGRAPHY
1076345,CULTURE
1077101,CULTUREGEOGRAPHY
1078466,CULTUREGEOGRAPHYHISTORY
1083289,GEOGRAPHY
1085160
1087034,GEOGRAPHY
1090637,CULTURE
1091941,GEOGRAPHYHISTORY
1094752,GEOGRAPHYHISTORY
1095706,CULTURE
1098819,CULTUREGEOGRAPHYSCIENCE
1100006,CULTURE
1101002
1102900,SCIENCE
1104325,GEOGRAPHY
1106477,GEOGRAPHY
1106830
1108628,GEOGRAPHYHISTORYSCIENCE
1111728,GEOGRAPHYHISTORY
1113658
1120080,CULTURE
1123467,GEOGRAPHYHISTORY
1123615,SCIENCE
1126155,CULTUREGEOGRAPHY
1126782,CULTUREHISTORY
1126926,CULTURE
1129554,GEOGRAPHY
1130636
1131537,GEOGRAPHYHISTORY
1132100,CULTUREGEOGRAPHY
1132268,HISTORY
1133403,CULTUREHISTORY
1136575,SCIENCE
1138374,HISTORY
1141480,GEOGRAPHY
1141960,GEOGRAPHY
1143433,GEOGRAPHY
1145762,GEOGRAPHYHISTORY
1147034,GEOGRAPHYHISTORY
1148827,CULTURE
1150748,CULTUREGEOGRAPHYHISTORY
1153198,CULTUREGEOGRAPHY
1165345,CULTURE
1165855,CULTURE
1165902,GEOGRAPHY
1166665,CULTURE
1166876,CULTURE
1170327,CULTURE
1172044
1176422,CULTURE
1176474
1177013,CULTUREGEOGRAPHYHISTORY
1178603
1184411,GEOGRAPHY
1185945,CULTURE
1186194,GEOGRAPHYHISTORY
1187503
1192787,CULTURE
1201014,CULTUREGEOGRAPHYHISTORY
1210462
1213068
1214588,CULTUREHISTORY
1215616,SCIENCE
1219272,CULTUREHISTORY
1222643,GEOGRAPHY
1228877,GEOGRAPHYHISTORY
1232996,CULTUREGEOGRAPHY
1234056,GEOGRAPHY
1237822,CULTURE
1238408,CULTURE
1239211
1239743,GEOGRAPHYHISTORYSCIENCE
1241830,CULTURE
1241977
1243141,CULTUREGEOGRAPHY
1245148,CULTUREHISTORY
1249041,CULTUREGEOGRAPHY
1254208,HISTORYSCIENCE
1257169,CULTUREGEOGRAPHY
1259246,GEOGRAPHYHISTORY
1265342,CULTURE
1267838,CULTUREGEOGRAPHYHISTORY
1268530,CULTURE
1268765,HISTORY
1272308,CULTURE
1276640,CULTURE
1277064
1278063,GEOGRAPHYHISTORYSCIENCE
1278130
1284488
1286918,GEOGRAPHY
1287123,CULTUREGEOGRAPHYHISTORY
1303111
1305399,CULTURE
1305412,CULTURE
1308956,CULTUREGEOGRAPHYHISTORY
1314234
1319347,CULTURE
1323610,SCIENCE
1324357,SCIENCE
1325300,GEOGRAPHY
1327213,SCIENCE
1327716,CULTUREGEOGRAPHY
1328236,GEOGRAPHYHISTORYSCIENCE
1330156,GEOGRAPHY
1330528,GEOGRAPHYHISTORY
1330654,CULTUREGEOGRAPHY
1336598,CULTUREGEOGRAPHY
1341419,SCIENCE
1343073,CULTUREHISTORYSCIENCE
1343235,HISTORYSCIENCE
1346987,CULTURE
1349037
1349711,CULTUREGEOGRAPHYHISTORY
1353717,CULTURE
1354151,GEOGRAPHY
1354557,CULTURE
1356179,CULTUREGEOGRAPHY
1357188,CULTUREGEOGRAPHY
1362114,SCIENCE
1365319,CULTUREGEOGRAPHY
1365807,CULTURESCIENCE
1366574,CULTURE
1368483,SCIENCE
1368569,CULTURE
1370087,CULTURE
1372886,CULTURE
1373336
1374669,SCIENCE
1377636
1383269,GEOGRAPHY
1385736,GEOGRAPHYHISTORY
1386541,CULTUREGEOGRAPHY
1389951,GEOGRAPHYHISTORY
1390627,GEOGRAPHYHISTORY
1391089,GEOGRAPHY
1391580,GEOGRAPHY
1392290,GEOGRAPHY
1395311,SCIENCE
1397435,CULTURE
1398224,GEOGRAPHY
1399689,GEOGRAPHYHISTORY
1402627,SCIENCE
1404748,SCIENCE
1404900,CULTUREGEOGRAPHY
1405895,CULTUREGEOGRAPHY
1407394,GEOGRAPHYHISTORY
1415621,CULTURE
1416262,GEOGRAPHYHISTORY
1419762
1424178,CULTURE
1426300
1434067,CULTUREGEOGRAPHY
1436547
1438742,SCIENCE
1442561
1442763,CULTURE
1445372,GEOGRAPHYSCIENCE
1446425,CULTUREHISTORYSCIENCE
1449866,CULTURE
1450050
1455617,HISTORYSCIENCE
1457406,CULTUREHISTORYSCIENCE
1458661,CULTURE
1458949,CULTUREGEOGRAPHY
1464313,HISTORYSCIENCE
1465185,CULTURE
1465376,CULTURE
1468209,CULTURE
1471706,SCIENCE
1476578,CULTURE
1479664,CULTUREGEOGRAPHY
1479712,CULTUREGEOGRAPHY
1481065,SCIENCE
1481539,CULTURE
1486241,CULTURE
1488266,CULTURE
1490953,CULTURE
1493640,GEOGRAPHYHISTORYSCIENCE
1496825
1498769,CULTURE
1517700,CULTUREGEOGRAPHYHISTORY
1518554,CULTURE
1521032,SCIENCE
1521161,GEOGRAPHY
1521187,SCIENCE
1526860,GEOGRAPHYHISTORY
1529533,SCIENCE
1529600
1530807,CULTURE
1543107,CULTUREHISTORYSCIENCE
1544264,GEOGRAPHY
1548154,GEOGRAPHY
1548983,CULTUREGEOGRAPHYHISTORY
1560169,CULTURE
1561409,CULTUREGEOGRAPHY
1566299
1566768,SCIENCE
1567800,CULTURE
1571637,GEOGRAPHY
1571908,CULTUREGEOGRAPHYHISTORY
1573153,SCIENCE
1574480,CULTURE
1577091,CULTUREGEOGRAPHY
1578321,CULTUREGEOGRAPHY
1581695,CULTUREGEOGRAPHY
1589806,CULTURE
1591861,CULTUREGEOGRAPHY
1593424
1595612,HISTORYSCIENCE
1595636,GEOGRAPHYHISTORY
1600006,CULTURE
1601052,CULTURE
1604501,CULTURE
1605054,HISTORY
1606901,GEOGRAPHY
1608503,CULTUREGEOGRAPHY
1613558,GEOGRAPHY
1615974,CULTUREGEOGRAPHYHISTORY
1616933,GEOGRAPHY
1617684,SCIENCE
1618577
1620586,CULTUREGEOGRAPHY
1622621,HISTORYSCIENCE
1625801,CULTURE
1626255,HISTORY
1628286,CULTURE
1629419,CULTURESCIENCE
1630330,SCIENCE
1634174,GEOGRAPHYHISTORY
1641323
1644295,CULTUREGEOGRAPHY
1647038,CULTURE
1648962,CULTURE
1656784,CULTUREGEOGRAPHY
1657234,CULTUREHISTORY
1658140,SCIENCE
1660890,GEOGRAPHYHISTORY
1667697,CULTURE
1668232,CULTUREGEOGRAPHY
1670077,GEOGRAPHYSCIENCE
1671163,CULTUREGEOGRAPHY
1671553,GEOGRAPHY
1672498,CULTUREGEOGRAPHY
1672901,CULTURE
1675153,GEOGRAPHY
1675969,CULTURE
1678225,CULTUREGEOGRAPHYHISTORY
1678612,GEOGRAPHYHISTORY
1682216,CULTUREGEOGRAPHY
1684056,GEOGRAPHY
1684129,CULTURE
1684988,CULTUREHISTORY
1690448
1696072
1700281,CULTURE
1700693,GEOGRAPHY
1705214,CULTURE
1706275,SCIENCE
1712282,CULTURE
1716078,CULTURE
1716364,CULTURE
1717037,GEOGRAPHY
1718533
1718654
1725905
1734795,CULTURE
1735070,GEOGRAPHY
1739541
1740187,SCIENCE
1740212
1740338
1743914,CULTURE
1745619,SCIENCE
1758403,HISTORYSCIENCE
1764772,SCIENCE
1767416,CULTURE
1773067,CULTURE
1774557,GEOGRAPHY
1775464,CULTURE
1775924,GEOGRAPHYHISTORY
1777481,CULTURE
1778828,CULTUREGEOGRAPHY
1780664,CULTUREGEOGRAPHY
1781561,CULTURE
1784713,CULTURE
1789383,CULTURE
1790734,CULTUREGEOGRAPHY
1792946
1794467,GEOGRAPHY
1794722,SCIENCE
1797946,GEOGRAPHYSCIENCE
1811216,GEOGRAPHY
1811620,CULTURE
1814700,CULTURE
1817510,GEOGRAPHY
1820218
1821921,CULTURE
1826543,CULTUREGEOGRAPHY
1826864,CULTURE
1835507
1843094,CULTURE
1849824,CULTURESCIENCE
1860614,CULTUREGEOGRAPHY
1863359,CULTURE
1864217,CULTURE
1865567,GEOGRAPHY
1866589,GEOGRAPHY
1869185,GEOGRAPHY
1873456
1875026,CULTURESCIENCE
1875157,CULTURE
1878655,CULTURE
1879752,CULTUREGEOGRAPHY
1885865,SCIENCE
1886545,SCIENCE
1889619,CULTURE
1894460,GEOGRAPHYHISTORY
1894794,CULTUREGEOGRAPHY
1896782,SCIENCE
1902021,SCIENCE
1907342,GEOGRAPHY
1911188,GEOGRAPHYHISTORY
1911942,SCIENCE
1919367,SCIENCE
1919911,GEOGRAPHYHISTORY
1920595,CULTURE
1924199,CULTURE
1928529,GEOGRAPHY
1931416,GEOGRAPHY
1933931,CULTUREHISTORY
1937560,CULTUREGEOGRAPHY
1952472
1954484,CULTURE
1957839,CULTURE
1962117,CULTUREHISTORY
1963680,CULTURE
1964792
1973155,SCIENCE
1973906
1974943,CULTUREGEOGRAPHYHISTORY
1975218,SCIENCE
1979808,CULTURE
1983354,HISTORYSCIENCE
1987118
1987675
1994574,CULTUREGEOGRAPHYHISTORYSCIENCE
1995922,GEOGRAPHYHISTORY
2003098,CULTURE
2003331,GEOGRAPHY
2007796
2008450
2009905,CULTURE
2012940,GEOGRAPHY
2020855,SCIENCE
2022048,CULTUREGEOGRAPHYHISTORY
2022138,CULTURE
2024285,HISTORY
2027279,CULTUREGEOGRAPHY
2027498,CULTUREGEOGRAPHY
2033864,CULTUREGEOGRAPHY
2043655,GEOGRAPHYHISTORYSCIENCE
2046191,CULTURE
2052351,CULTURE
2054605,GEOGRAPHY
2057471,CULTURE
2057475,GEOGRAPHY
2060085
2060539
2062734,GEOGRAPHY
2068522,CULTUREGEOGRAPHY
2073470,SCIENCE
2074462,GEOGRAPHY
2077948,CULTURE
2080959,CULTURE
2085003,CULTUREGEOGRAPHY
2086000,CULTURESCIENCE
2086470,CULTUREGEOGRAPHY
2094348,CULTUREGEOGRAPHY
2094972,GEOGRAPHYHISTORY
2095449,GEOGRAPHYSCIENCE
2096587,CULTURE
2096956,CULTUREGEOGRAPHYHISTORY
2097000,CULTUREHISTORY
2100994,CULTURE
2101677,GEOGRAPHY
2103199,CULTUREGEOGRAPHY
2109499,CULTUREGEOGRAPHYHISTORY
2110234,GEOGRAPHY
2111401
2111767,CULTURE
2112638,CULTUREGEOGRAPHYHISTORY
2114226,CULTURE
2119332,CULTURE
2137471
2144532,CULTUREGEOGRAPHY
2145873,CULTURE
2150105,CULTURE
2161576,CULTUREGEOGRAPHY
2166444,GEOGRAPHYHISTORYSCIENCE
2167409,CULTUREHISTORYSCIENCE
2168853,CULTUREGEOGRAPHYHISTORY
2179895,CULTURE
2186614,CULTURE
2187605,SCIENCE
2187649,SCIENCE
2200242
2206664,CULTURE
2209918
2212439,CULTURE
2216513,CULTUREGEOGRAPHY
2217988,CULTURE
2220694,CULTURE
2220707,HISTORY
2221154,CULTURE
2221512,SCIENCE
2221775,CULTUREGEOGRAPHY
2228370,CULTURE
2238189,GEOGRAPHYHISTORY
2238936,CULTURE
2243388
2251839
2257295,CULTUREGEOGRAPHY
2259370,CULTURE
2260663,CULTUREGEOGRAPHYHISTORY
2262183,HISTORY
2266821
2273091,HISTORY
2274234,CULTUREGEOGRAPHY
2278495
2280932,CULTURE
2284877,GEOGRAPHYHISTORYSCIENCE
2285589
2288085,CULTUREGEOGRAPHY
2288758,CULTURE
2292635
2299222
2299930
2299983,CULTUREGEOGRAPHY
2310341,CULTURE
2318782
2325214,CULTUREGEOGRAPHY
2326001,CULTURE
2330630,CULTURE
2334813
2336416,CULTUREGEOGRAPHYHISTORY
2343661,CULTURE
2346300,CULTUREHISTORY
2346975,CULTUREHISTORY
2348792,CULTUREGEOGRAPHY
2350219,GEOGRAPHY
2359824,CULTURE
2360651,CULTUREGEOGRAPHY
2362711,CULTURE
2362966,GEOGRAPHYHISTORYSCIENCE
2365582,GEOGRAPHY
2367984,CULTURE
2370991,CULTUREGEOGRAPHY
2377578,CULTURE
2381050,CULTURE
2383610
2383951,GEOGRAPHY
2391571,GEOGRAPHY
2393209,CULTUREGEOGRAPHY
2397744,CULTURE
2404514,SCIENCE
2412522,GEOGRAPHY
2416726,CULTUREGEOGRAPHY
2421951,CULTUREHISTORY
2422743
2427187,GEOGRAPHY
2427510,GEOGRAPHYHISTORY
2430077,CULTURE
2430698,GEOGRAPHY
2431431,SCIENCE
2432758,GEOGRAPHY
2435666,CULTURE
2443795,CULTURE
2459075,CULTUREGEOGRAPHY
2461695,HISTORYSCIENCE
2465797,CULTUREGEOGRAPHYHISTORY
2467163,CULTUREHISTORY
2475174,GEOGRAPHYHISTORY
2475445,CULTUREGEOGRAPHYHISTORY
2475962,CULTURE
2485871,CULTUREHISTORY
2486645,GEOGRAPHY
2498098,GEOGRAPHY
2499027,SCIENCE
2502906,CULTURE
2505145,CULTURE
2508048,GEOGRAPHYHISTORY
2508590,CULTURE
2509231,CULTURE
2510228
2513654,GEOGRAPHYSCIENCE
2513744,GEOGRAPHY
2515673,CULTUREGEOGRAPHYHISTORY
2517735,GEOGRAPHY
2522651
2524808,CULTURE
2528948,GEOGRAPHYHISTORYSCIENCE
2533718,HISTORY
2535424,CULTUREGEOGRAPHY
2537171,CULTURE
2540682,GEOGRAPHYHISTORY
2544889,CULTURE
2549683,CULTUREGEOGRAPHYSCIENCE
2551242,CULTURE
2554718,CULTURE
2554724,CULTUREGEOGRAPHYHISTORY
2555905,CULTUREHISTORY
2562815,CULTURE
2566786,CULTURE
2569378,GEOGRAPHYHISTORYSCIENCE
2574257,CULTURE
2576283,CULTURESCIENCE
2578901,GEOGRAPHYSCIENCE
2581850,CULTUREGEOGRAPHY
2586953,CULTUREGEOGRAPHY
2589714
2590103,CULTURE
2591085,GEOGRAPHY
2593568
2594357,CULTUREGEOGRAPHY
2597700
2600002,CULTURE
2604208,CULTUREGEOGRAPHYHISTORY
2605189
2605935,CULTURE
2609544,GEOGRAPHY
2616667,CULTURE
2619852,CULTURE
2622560,CULTUREGEOGRAPHY
2624165,CULTUREGEOGRAPHY
2632847,CULTUREGEOGRAPHYHISTORY
2636473
2639573
2644762,GEOGRAPHY
2647835,CULTURE
2648735,CULTURE
2651533
2651677
2655089,CULTUREGEOGRAPHY
2659050,CULTUREGEOGRAPHY
2659568,CULTURE
2661915,CULTUREHISTORY
2662584,CULTURE
2679203,CULTURE
2684519,GEOGRAPHYHISTORY
2684783,CULTURE
2695616,GEOGRAPHY
2699768,CULTUREGEOGRAPHY
2725484,SCIENCE
2735305
2738873,CULTUREGEOGRAPHY
2740385
2749020,CULTURE
2761506,CULTUREGEOGRAPHY
2765670,CULTUREHISTORYSCIENCE
2766531,SCIENCE
2768449,HISTORY
2781030,CULTUREGEOGRAPHY
2782231,SCIENCE
2785898,SCIENCE
2789025,HISTORYSCIENCE
2793174,CULTURE
2796885,CULTURE
2809893
2810369,CULTURE
2813924,CULTURE
2814494
2820813,CULTURE
2822968,CULTUREGEOGRAPHYHISTORY
2839614,CULTURE
2842197,SCIENCE
2842598,CULTURE
2843282,CULTURE
2845486,CULTURE
2846382,CULTURE
2849125
2860521,GEOGRAPHY
2864573,HISTORY
2865392,GEOGRAPHYHISTORY
2866352,CULTUREGEOGRAPHY
2870506
2871613,CULTURE
2874344
2883908,HISTORY
2884613,CULTUREGEOGRAPHY
2885544,GEOGRAPHY
2886525,CULTURE
2892975,CULTUREGEOGRAPHY
2897988,CULTURE
2904140,CULTURE
2923902,CULTUREGEOGRAPHYHISTORY
2926260,CULTUREGEOGRAPHY
2933569,GEOGRAPHY
2933834,CULTURE
2939698,SCIENCE
2962076,CULTUREGEOGRAPHY
2965424,CULTUREGEOGRAPHY
2970773,CULTUREGEOGRAPHY
2970817,GEOGRAPHYSCIENCE
2977808,GEOGRAPHYHISTORY
2978068,CULTUREGEOGRAPHYHISTORY
2978323,CULTURE
2987828,SCIENCE
2989886,CULTUREGEOGRAPHYHISTORY
3006708,CULTURE
3007155,CULTURESCIENCE
3012170,GEOGRAPHY
3013584,CULTURE
3014315,CULTUREGEOGRAPHY
3024264,CULTUREGEOGRAPHY
3024284,GEOGRAPHY
3025201,CULTUREGEOGRAPHY
3029408,CULTURE
3041506,GEOGRAPHYHISTORYSCIENCE
3043886
3047058,CULTUREGEOGRAPHYHISTORY
3051825,HISTORYSCIENCE
3058252,CULTURESCIENCE
3063532,CULTURE
3075398,HISTORYSCIENCE
3077425,CULTURE
3081760,SCIENCE
3081812,CULTURE
3082583,GEOGRAPHY
3084649,GEOGRAPHY
3089430,CULTUREGEOGRAPHY
3095594,HISTORY
3095943,CULTURE
3096616,CULTUREGEOGRAPHY
3096933,GEOGRAPHY
3104734,GEOGRAPHY
3119990,CULTUREGEOGRAPHY
3120522,CULTUREGEOGRAPHY
3120578,CULTUREGEOGRAPHY
3130108,CULTURE
3131557,HISTORY
3131912,CULTUREGEOGRAPHY
3131986,CULTUREGEOGRAPHY
3135714,GEOGRAPHY
3136991,GEOGRAPHY
3139543,CULTUREGEOGRAPHY
3148890,CULTURE
3153330,CULTUREGEOGRAPHY
3162961,CULTUREGEOGRAPHY
3165859
3167635,GEOGRAPHY
3169069
3169349,HISTORY
3174826,SCIENCE
3176363
3183713,GEOGRAPHYHISTORY
3193344,GEOGRAPHYHISTORY
3193696,CULTUREGEOGRAPHYHISTORY
3194900
3196376,CULTUREGEOGRAPHYHISTORY
3196487
3199247,GEOGRAPHYSCIENCE
3216203,GEOGRAPHYSCIENCE
3224922
3228174,HISTORY
3233800,SCIENCE
3238117,CULTUREGEOGRAPHY
3239141,CULTURE
3243816,CULTURE
3244731,CULTUREGEOGRAPHY
3245785,HISTORY
3251913,GEOGRAPHY
3257900,CULTURE
3261733,CULTUREGEOGRAPHY
3266013
3267280
3271298,CULTURE
3277626
3284771,CULTURE
3297716,CULTUREGEOGRAPHY
3298163,GEOGRAPHYSCIENCE
3298595,SCIENCE
3299297,CULTURE
3301133,CULTUREGEOGRAPHY
3301924,GEOGRAPHY
3304608,HISTORYSCIENCE
3307571,GEOGRAPHY
3309430,GEOGRAPHYHISTORY
3311119
3311920,CULTURE
3314256,SCIENCE
3321713
3322004,CULTURE
3327207,CULTUREGEOGRAPHY
3327583,CULTURE
3327763,CULTURE
3328796
3331589,SCIENCE
3334088,CULTUREGEOGRAPHY
3337126
3338112,GEOGRAPHY
3338124,GEOGRAPHYSCIENCE
3352973,HISTORY
3355544,CULTUREGEOGRAPHY
3370817,GEOGRAPHY
3381361,CULTUREGEOGRAPHY
3398447,CULTURE
3400401,CULTUREGEOGRAPHYHISTORY
3402190,SCIENCE
3402947,CULTURE
3409272,SCIENCE
3413059
3421031,GEOGRAPHYHISTORY
3432832,HISTORY
3434750,GEOGRAPHY
3435113,CULTURE
3436857,GEOGRAPHY
3440997,CULTURE
3445086,CULTUREGEOGRAPHYHISTORY
3457534,CULTUREGEOGRAPHY
3475564,CULTUREGEOGRAPHY
3480500,HISTORY
3484410
3504482
3515277,GEOGRAPHY
3518329,HISTORYSCIENCE
3520190,CULTUREGEOGRAPHYHISTORY
3539598,CULTUREGEOGRAPHY
3544739,CULTUREGEOGRAPHY
3548404,CULTURE
3551462,CULTURE
3551591,CULTURE
3552855,CULTUREGEOGRAPHY
3560206,CULTUREGEOGRAPHY
3561014,CULTURE
3561798,GEOGRAPHY
3565012
3565915,SCIENCE
3569822,CULTUREHISTORYSCIENCE
3569825,SCIENCE
3570152,SCIENCE
3571894,HISTORY
3581844,HISTORY
3582052,CULTURE
3585412,GEOGRAPHY
3588000,GEOGRAPHYSCIENCE
3594988,CULTUREGEOGRAPHY
3597098,CULTUREGEOGRAPHYHISTORY
3612120
3624589,CULTURE
3625319,SCIENCE
3626415,GEOGRAPHY
3636429
3641013,CULTURE
3644512,GEOGRAPHYHISTORY
3647696
3649576
3657318,HISTORYSCIENCE
3660981,CULTURE
3662280,CULTUREGEOGRAPHY
3673401,CULTURE
3688717,CULTUREGEOGRAPHY
3692206,CULTURE
3695583,GEOGRAPHY
3699130,SCIENCE
3717207
3717454
3721357,CULTURE
3724225,CULTURE
3733734,GEOGRAPHY
3735210,GEOGRAPHY
3745073,CULTUREHISTORY
3762057,CULTUREGEOGRAPHY
3763651,CULTURE
3764570
3767113,GEOGRAPHY
3769094,CULTURE
3779285,CULTURE
3790439
3794576,HISTORYSCIENCE
3795900,CULTURE
3797437,GEOGRAPHY
3798889,CULTURE
3800477,CULTUREGEOGRAPHYSCIENCE
3800679
3804552,SCIENCE
3806985,CULTURE
3814620,CULTURE
3825963,CULTURE
3839023,GEOGRAPHY
3839373,CULTURE
3843627,CULTUREGEOGRAPHY
3845824,CULTURE
3847564,CULTUREGEOGRAPHY
3854271,CULTUREGEOGRAPHY
3854436,CULTUREGEOGRAPHYHISTORY
3868552,CULTUREGEOGRAPHY
3868589
3870228
3875428,CULTURE
3876114
3878566,CULTURE
3884197,GEOGRAPHY
3908526,CULTUREGEOGRAPHY
3915266,GEOGRAPHY
3922778,CULTURE
3936094,CULTURE
3936661,CULTUREGEOGRAPHYHISTORY
3940441,GEOGRAPHYHISTORY
3944073,GEOGRAPHYHISTORY
3954639,CULTUREGEOGRAPHY
3965765,CULTURE
3982599,CULTURE
3987669,CULTUREGEOGRAPHY
3990619,GEOGRAPHYSCIENCE
4009568,GEOGRAPHYHISTORY
4020775,GEOGRAPHYHISTORY
4023879,CULTUREGEOGRAPHY
4024423
4026726,CULTUREGEOGRAPHY
4028047,CULTUREGEOGRAPHY
4043572,GEOGRAPHY
4047804,HISTORY
4048025,GEOGRAPHY
4048260,CULTURE
4050027,CULTUREGEOGRAPHY
4052227,SCIENCE
4069165
4075189,CULTURE
4079815,GEOGRAPHYHISTORY
4086244,CULTURE
4096922,GEOGRAPHYSCIENCE
4101984,CULTUREGEOGRAPHY
4102309,CULTUREGEOGRAPHYHISTORY
4113124,CULTURE
4117728,CULTURE
4120352,GEOGRAPHY
4129990,CULTUREGEOGRAPHY
4131659,CULTUREGEOGRAPHY
4134434,CULTURE
4143109,GEOGRAPHY
4146026,CULTUREGEOGRAPHY
4146159,CULTUREGEOGRAPHY
4146500,GEOGRAPHYHISTORY
4170382,GEOGRAPHY
4174880,SCIENCE
4175709,HISTORYSCIENCE
4176410,HISTORY
4180369,GEOGRAPHYHISTORYSCIENCE
4181046,GEOGRAPHY
4182078,CULTUREGEOGRAPHY
4194510,CULTURE
4204557,CULTURE
4206993,CULTURE
4211292,GEOGRAPHY
4217424,HISTORY
4218119,CULTUREGEOGRAPHY
4223647,CULTURE
4236466,CULTURE
4236804,CULTUREHISTORY
4238746,GEOGRAPHY
4240209,GEOGRAPHY
4248260,GEOGRAPHY
4261580,CULTUREGEOGRAPHY
4265347,CULTURE
4267259,CULTUREGEOGRAPHY
4271952,CULTUREGEOGRAPHY
4278309,CULTURE
4283649,CULTURE
4286262,CULTURE
4288874
4290903,GEOGRAPHYSCIENCE
4297893
4306802,GEOGRAPHYHISTORY
4315137,SCIENCE
4317345,CULTURE
4319287
4323952,SCIENCE
4330138,CULTURE
4344388,CULTURE
4349189,CULTURE
4362806,SCIENCE
4366578,GEOGRAPHY
4368822,HISTORY
4371917
4379797,CULTURE
4380729,CULTUREHISTORY
4396940,GEOGRAPHY
4398968,GEOGRAPHY
4423614
4424140,GEOGRAPHY
4444063,CULTURE
4451335,CULTUREHISTORY
4458016,CULTUREGEOGRAPHY
4461183,HISTORYSCIENCE
4462898,CULTURE
4464068,CULTUREGEOGRAPHYHISTORY
4478197,SCIENCE
4478297,SCIENCE
4499354,GEOGRAPHY
4499671,SCIENCE
4501810,GEOGRAPHY
4505332,GEOGRAPHY
4510516,CULTURE
4525077,SCIENCE
4531664,CULTURE
4535485,SCIENCE
4537180,CULTUREGEOGRAPHYHISTORY
4538300,HISTORY
4541688,GEOGRAPHY
4560574,GEOGRAPHY
4566521,CULTURE
4567202,HISTORY
4579565,CULTURE
4603063,GEOGRAPHY
4605809,GEOGRAPHY
4609837,CULTURE
4611152,CULTUREGEOGRAPHY
4662360,CULTURE
4675710
4676205,SCIENCE
4688043,CULTUREGEOGRAPHY
4691591,CULTURESCIENCE
4691699,GEOGRAPHY
4692179,SCIENCE
4695714,CULTURE
4702515,SCIENCE
4703158
4706581,SCIENCE
4707010,SCIENCE
4707718,CULTUREGEOGRAPHY
4722073,SCIENCE
4722761
4727102
4744869,CULTURE
4749922,CULTUREGEOGRAPHY
4751984
4760643,GEOGRAPHY
4762088,CULTURE
4776920,CULTURE
4777376
4783461
4789151,CULTURE
4798551,CULTUREGEOGRAPHYHISTORY
4804597,SCIENCE
4806928,CULTUREGEOGRAPHY
4812151,CULTUREGEOGRAPHY
4818164
4821821,GEOGRAPHYHISTORY
4825218,CULTURE
4837071,CULTUREGEOGRAPHY
4843220
4849406,CULTURE
4856172
4857343,CULTURE
4857714,SCIENCE
4862862,CULTUREGEOGRAPHY
4872232,CULTUREGEOGRAPHYHISTORY
4878000,CULTUREHISTORY
4879081,CULTUREGEOGRAPHYHISTORY
4892804,CULTURE
4896496,CULTUREHISTORY
4909834,SCIENCE
4927416,GEOGRAPHYHISTORY
4929442
4939408,CULTURE
4947900,GEOGRAPHYHISTORY
4958097,SCIENCE
4962514,SCIENCE
4967311,CULTURE
4968179,CULTURE
4979813
4981148,HISTORY
5002761,GEOGRAPHYHISTORY
5007072,HISTORY
5015207,HISTORY
5015248,CULTUREGEOGRAPHYHISTORY
5028146
5033001,CULTUREGEOGRAPHY
5033810,CULTUREGEOGRAPHY
5042499,CULTUREGEOGRAPHY
5042916
5043505,CULTUREGEOGRAPHY
5043544,GEOGRAPHY
5046098
5076789
5081127
5082701,CULTUREHISTORY
5097080,CULTURE
5099278,CULTUREGEOGRAPHYHISTORY
5128528,HISTORY
5131433,CULTUREHISTORY
5144767,CULTUREGEOGRAPHY
5155096,GEOGRAPHYHISTORY
5163390,CULTURE
5176252,CULTURE
5184702,HISTORYSCIENCE
5196218,GEOGRAPHY
5199198,CULTUREHISTORY
5203118,CULTUREGEOGRAPHYHISTORY
5206483,GEOGRAPHY
5209139,GEOGRAPHY
5210801,CULTURE
5215729,GEOGRAPHYSCIENCE
5218858,SCIENCE
5230443,GEOGRAPHYSCIENCE
5231073,GEOGRAPHYHISTORY
5242644
5247568,CULTUREGEOGRAPHY
5254659,CULTURE
5257745,CULTUREGEOGRAPHY
5269549,CULTURE
5275459,GEOGRAPHY
5282137,GEOGRAPHYHISTORY
5287708,CULTURE
5289960,SCIENCE
5297101
5298525,CULTUREHISTORY
5301431,SCIENCE
5310862,GEOGRAPHY
5311369,SCIENCE
5325815,CULTUREHISTORY
5335458,HISTORY
5339671,CULTURE
5343488,CULTUREHISTORYSCIENCE
5348809,GEOGRAPHY
5355319
5372289,CULTURE
5374269,GEOGRAPHY
5374465,CULTURE
5380399,GEOGRAPHY
5398365,CULTUREHISTORY
5400269
5410453,GEOGRAPHYSCIENCE
5420112,HISTORY
5422207,CULTURE
5422414,CULTURE
5432376
5433120,CULTURE
5439729,SCIENCE
5439736,CULTURE
5458122,HISTORY
5459866
5464960
5471694,CULTUREGEOGRAPHYHISTORY
5473366,GEOGRAPHY
5475353,GEOGRAPHYHISTORY
5478840,CULTUREGEOGRAPHYHISTORY
5481439,GEOGRAPHY
5495225,CULTURE
5496661,CULTURE
5506044,CULTURE
5509566
5512223,GEOGRAPHY
5513877,CULTURE
5514193,GEOGRAPHY
5517261,CULTURE
5522666,CULTUREGEOGRAPHYHISTORY
5534701,SCIENCE
5535853,GEOGRAPHY
5542455,CULTUREHISTORYSCIENCE
5549981,CULTUREHISTORY
5551355,CULTURE
5568554,CULTUREGEOGRAPHY
5586048,CULTUREHISTORY
5586148
5592307,CULTURE
5602242,CULTUREGEOGRAPHY
5603136
5606572
5608599,GEOGRAPHY
5610927,GEOGRAPHYHISTORY
5614389,CULTURE
5615756,GEOGRAPHY
5632205,CULTUREHISTORY
5653110,CULTUREHISTORY
5659888,CULTURE
5662578,CULTURE
5664398
5676319,HISTORYSCIENCE
5685846,CULTUREGEOGRAPHY
5689112,CULTURE
5693609,CULTURE
5694689
5699529
5705004,CULTURE
5705182,CULTURE
5709850
5714637,CULTUREGEOGRAPHY
5735480,HISTORY
5740017,CULTUREHISTORY
5744636,CULTUREGEOGRAPHYSCIENCE
5746141,SCIENCE
5747317
5752988,CULTUREGEOGRAPHY
5754723,GEOGRAPHY
5755439,GEOGRAPHYHISTORYSCIENCE
5759099,GEOGRAPHY
5772791,GEOGRAPHY
5773802,SCIENCE
5776207,CULTUREGEOGRAPHYHISTORY
5777684,CULTUREHISTORY
5778038,GEOGRAPHYHISTORY
5792526
5795354,GEOGRAPHY
5797719,GEOGRAPHY
5798027,SCIENCE
5814938,GEOGRAPHYHISTORY
5815647,CULTURE
5824565,CULTUREGEOGRAPHY
5829500,CULTURE
5830920,GEOGRAPHYHISTORYSCIENCE
5834799,CULTUREGEOGRAPHY
5852860,HISTORY
5858204,CULTURE
5858661,HISTORY
5859381,HISTORYSCIENCE
5860500
5870141
5871200,CULTURE
5877170,GEOGRAPHY
5883793,GEOGRAPHY
5884823,GEOGRAPHY
5889452,CULTUREGEOGRAPHY
5892561,GEOGRAPHY
5896688,CULTUREGEOGRAPHY
5906472
5910082
5911744,CULTURE
5911800,CULTURE
5916631
5918596,CULTURE
5918797,CULTURESCIENCE
5920513,GEOGRAPHY
5921932,CULTUREGEOGRAPHY
5928054,CULTURE
5942892,CULTUREGEOGRAPHY
5943885,GEOGRAPHYSCIENCE
5947058,GEOGRAPHY
5965980,CULTUREHISTORY
5973226,GEOGRAPHYHISTORY
5973319,GEOGRAPHY
5974768,GEOGRAPHY
6003832,SCIENCE
6006805,GEOGRAPHY
6007288,CULTUREHISTORY
6013487,GEOGRAPHY
6017755,GEOGRAPHYHISTORY
6026198,CULTURESCIENCE
6026461,GEOGRAPHY
6038206,GEOGRAPHYHISTORY
6041924,CULTURE
6044214,CULTURE
6044227
6046552,CULTURE
6047270,GEOGRAPHY
6050835,HISTORY
6058681,CULTUREGEOGRAPHY
6059533,CULTURE
6062461,SCIENCE
6074980,HISTORYSCIENCE
6084677,CULTUREGEOGRAPHY
6095717,CULTURE
6096310,HISTORYSCIENCE
6097240,GEOGRAPHY
6104991,CULTURE
6112059,CULTURE
6112894,CULTUREGEOGRAPHY
6114258,GEOGRAPHY
6123656,CULTUREGEOGRAPHY
6129232
6135854
6137171,GEOGRAPHYHISTORY
6150489,CULTURE
6155951,CULTURE
6156235,CULTURE
6164558,GEOGRAPHYHISTORY
6183684,CULTURE
6236536,CULTURE
6236988,GEOGRAPHYHISTORY
6244694,CULTUREHISTORY
6246223,CULTUREGEOGRAPHY
6275607,GEOGRAPHYHISTORY
6276716,GEOGRAPHY
6291317,HISTORY
6299613,GEOGRAPHYHISTORY
6304242,GEOGRAPHY
6315447,CULTUREGEOGRAPHYHISTORY
6320532,CULTUREHISTORY
6322029,CULTUREGEOGRAPHY
6332488
6337536
6344087,HISTORY
6368530,CULTURE
6380202,SCIENCE
6384259
6399931,CULTURE
6415775,SCIENCE
6418760,CULTURE
6419809,GEOGRAPHY
6426696,CULTUREGEOGRAPHY
6427582,GEOGRAPHY
6446036,CULTUREGEOGRAPHYHISTORY
6446071,CULTUREHISTORY
6446308,GEOGRAPHY
6451338
6461767,CULTURE
6515385
6522696,GEOGRAPHY
6532293,CULTURE
6546886
6564960,GEOGRAPHY
6567998,CULTUREGEOGRAPHY
6570262,GEOGRAPHY
6592370,CULTURE
6593490,CULTUREHISTORY
6597462,CULTURE
6616683,CULTUREGEOGRAPHYHISTORY
6628671,GEOGRAPHY
6633717,CULTUREGEOGRAPHY
6637733,CULTURE
6669593,GEOGRAPHYSCIENCE
6670943,CULTUREGEOGRAPHY
6680774
6689613,GEOGRAPHY
6697169,CULTURE
6709952,CULTURE
6712346,GEOGRAPHY
6714969,CULTUREGEOGRAPHYHISTORY
6732877,CULTUREGEOGRAPHY
6739570,GEOGRAPHYHISTORY
6742527
6755845,GEOGRAPHY
6764062,GEOGRAPHYSCIENCE
6765249,CULTURE
6766548,SCIENCE
6769913,GEOGRAPHY
6771135,GEOGRAPHY
6774627,GEOGRAPHY
6775666,GEOGRAPHYSCIENCE
6792176,GEOGRAPHY
6805996,CULTURE
6831437,CULTURE
6846958
6852933,GEOGRAPHY
6880860
6881484,GEOGRAPHY
6899827,HISTORY
6915679
6923098,CULTURE
6925415,CULTURE
6930517,CULTURE
6933077,CULTUREGEOGRAPHY
6935369,SCIENCE
6976850,CULTURE
6986418
6991467,SCIENCE
7001318,GEOGRAPHY
7009594,GEOGRAPHYSCIENCE
7032315,SCIENCE
7037198,GEOGRAPHY
7043482,CULTUREGEOGRAPHY
7053358,CULTUREGEOGRAPHY
7071490,HISTORYSCIENCE
7081894
7090459,CULTUREGEOGRAPHY
7103404,HISTORY
7104392,CULTURE
7111081,GEOGRAPHYHISTORY
7116211,GEOGRAPHY
7118906,CULTURE
7121282,CULTURE
7122866
7127312,CULTURE
7140107
7146399,SCIENCE
7151821,CULTURE
7153128,CULTUREGEOGRAPHYHISTORY
7154685,CULTURE
7154733
7190738,CULTUREGEOGRAPHY
7213663,GEOGRAPHY
7224224,CULTURE
7237187,GEOGRAPHYHISTORY
7249641,GEOGRAPHYHISTORYSCIENCE
7270112,HISTORY
7273508,GEOGRAPHY
7334183,CULTUREGEOGRAPHY
7368926,CULTURE
7369630,GEOGRAPHY
7372243,GEOGRAPHYSCIENCE
7373665,CULTUREGEOGRAPHY
7392853,GEOGRAPHYSCIENCE
7396432
7399275,SCIENCE
7404358,GEOGRAPHYHISTORY
7414360
7415654
7417442,GEOGRAPHYSCIENCE
7418735,CULTURE
7423062
7461301,GEOGRAPHYHISTORY
7463656,GEOGRAPHYHISTORY
7466264,GEOGRAPHYHISTORY
7466964,SCIENCE
7467968,HISTORY
7469926
7471733,CULTURE
7498320,GEOGRAPHYHISTORY
7507392,CULTURE
7513578,GEOGRAPHY
7515964,GEOGRAPHY
7532296,GEOGRAPHY
7543836,GEOGRAPHY
7570666,CULTUREGEOGRAPHY
7585298,GEOGRAPHY
7588747
7592368,GEOGRAPHYSCIENCE
7601602
7608577,SCIENCE
7615833,HISTORY
7629905,GEOGRAPHY
7638671,GEOGRAPHYSCIENCE
7650220,GEOGRAPHY
7658355
7664217,CULTUREGEOGRAPHY
7671670,GEOGRAPHY
7673523,CULTUREGEOGRAPHY
7707918,CULTURE
7707921,CULTUREGEOGRAPHYHISTORY
7709979,CULTUREGEOGRAPHY
7712905,CULTURE
7714356,CULTURE
7716642,CULTURE
7721010,GEOGRAPHY
7727405,CULTUREGEOGRAPHY
7737471
7774101,CULTUREGEOGRAPHY
7820983,CULTURE
7831081,CULTUREGEOGRAPHY
7832219,GEOGRAPHYSCIENCE
7861848,GEOGRAPHY
7868255,GEOGRAPHYHISTORY
7884711,HISTORY
7897032,CULTURE
7902283,CULTURE
7915696,CULTURE
7917883,GEOGRAPHY
7920751,GEOGRAPHY
7931081
7943483,CULTUREGEOGRAPHY
7945499,CULTURE
7952263,GEOGRAPHY
7954867,GEOGRAPHY
7956873,CULTUREGEOGRAPHY
7963994,GEOGRAPHY
7978458,GEOGRAPHYSCIENCE
7979904
7987684,SCIENCE
7992323,CULTURE
8007700,CULTURE
8008616
8023218,CULTURE
8023618,HISTORY
8027405,HISTORY
8030805
8044281,GEOGRAPHYSCIENCE
8051531,HISTORY
8077078,CULTUREGEOGRAPHY
8081217,CULTUREHISTORY
8087591,GEOGRAPHY
8087628,GEOGRAPHY
8090265,GEOGRAPHY
8102995,HISTORYSCIENCE
8113923
8128014,GEOGRAPHYHISTORYSCIENCE
8131087,CULTURE
8137632,CULTURE
8143396,GEOGRAPHYSCIENCE
8144412,CULTURE
8149192
8174814,CULTUREGEOGRAPHY
8193269,CULTUREGEOGRAPHY
8200784,CULTURE
8203330,GEOGRAPHY
8204112
8225229,HISTORY
8247531,CULTURE
8248571,CULTUREHISTORY
8249245
8251680,HISTORYSCIENCE
8258003,CULTURE
8286923,HISTORYSCIENCE
8294126,CULTUREGEOGRAPHY
8309222,GEOGRAPHY
8310943,CULTUREHISTORY
8311052,SCIENCE
8335209,GEOGRAPHYHISTORY
8342716,SCIENCE
8345034,GEOGRAPHY
8358832,GEOGRAPHY
8380401,CULTURE
8394508,GEOGRAPHYSCIENCE
8400506,CULTURE
8401973,CULTUREGEOGRAPHYHISTORY
8420839,CULTUREHISTORY
8430893
8456438,CULTUREHISTORY
8457537,CULTURE
8464152,CULTURE
8465710,SCIENCE
8475800,CULTURE
8480831
8482776,CULTUREGEOGRAPHY
8490658,HISTORY
8492138
8500241,CULTURE
8514138,GEOGRAPHY
8524931,CULTUREGEOGRAPHY
8543828,CULTUREGEOGRAPHY
8554945,HISTORY
8557389,GEOGRAPHY
8565209
8580706
8604565,CULTUREGEOGRAPHY
8610130,GEOGRAPHYHISTORY
8617786,CULTURE
8622938,GEOGRAPHYSCIENCE
8631478,CULTURE
8645415,GEOGRAPHYHISTORYSCIENCE
8687464,CULTUREGEOGRAPHYHISTORY
8691642,GEOGRAPHYHISTORY
8703193,CULTUREGEOGRAPHY
8705259,HISTORY
8708862,CULTURE
8711389,GEOGRAPHY
8717472,GEOGRAPHYSCIENCE
8721744,GEOGRAPHYHISTORY
8730531,CULTUREGEOGRAPHY
8739830,CULTURE
8741654,GEOGRAPHY
8745619,HISTORY
8753457,GEOGRAPHY
8761514,HISTORY
8777612,CULTURE
8793419,GEOGRAPHYHISTORY
8797448,CULTURE
8799305
8824536,HISTORY
8827776,CULTURE
8836029,GEOGRAPHYHISTORYSCIENCE
8837939,CULTURE
8839001,CULTUREGEOGRAPHY
8860605,GEOGRAPHY
8867576,GEOGRAPHY
8876771,GEOGRAPHYHISTORY
8883948,CULTUREHISTORY
8886239,CULTURE
8886709,CULTURE
8892245,GEOGRAPHY
8900317,CULTUREGEOGRAPHYHISTORY
8905157
8937491,CULTURE
8937659,CULTURE
8946882,CULTURE
8959197,CULTUREGEOGRAPHY
8970716,CULTURE
8988546,CULTURE
8992282
8998988,CULTUREGEOGRAPHY
9009961,SCIENCE
9012988,CULTURE
9019649,CULTUREHISTORYSCIENCE
9024802,CULTUREGEOGRAPHY
9028799,SCIENCE
9031319,GEOGRAPHY
9034795,CULTURE
9041235
9064939,GEOGRAPHYSCIENCE
9077973,CULTURE
9083075,CULTUREGEOGRAPHY
9103556,CULTURE
9119240,GEOGRAPHYHISTORY
9121737,CULTUREGEOGRAPHY
9123718,CULTUREGEOGRAPHYHISTORY
9128586,CULTURE
9132865,CULTURE
9134459,CULTURE
9157518,CULTURESCIENCE
9173465,CULTURE
9180146,CULTUREGEOGRAPHY
9180517,CULTURE
9225497,GEOGRAPHYSCIENCE
9228615,CULTURE
9234743,CULTUREGEOGRAPHY
9248548,CULTURE
9254255,GEOGRAPHYSCIENCE
9255386,CULTURE
9269246,SCIENCE
9270471,CULTUREGEOGRAPHY
9291755,GEOGRAPHY
9292595,GEOGRAPHYHISTORY
9303005,CULTURE
9311173,CULTURE
9344632,CULTURE
9353742,CULTURE
9362827,GEOGRAPHY
9366006,CULTUREGEOGRAPHYHISTORYSCIENCE
9385717,CULTURE
9385747,CULTURE
9385789,CULTURE
9385828,CULTURE
9389245,CULTURE
9393746,SCIENCE
9402926,GEOGRAPHY
9437061,GEOGRAPHY
9456411,GEOGRAPHY
9456489,CULTURE
9488196,HISTORYSCIENCE
9491515,CULTUREGEOGRAPHY
9495122,GEOGRAPHYHISTORYSCIENCE
9496839
9503943,SCIENCE
9512822,GEOGRAPHY
9513661,GEOGRAPHYSCIENCE
9540144
9542712,CULTURE
9561314,CULTUREGEOGRAPHYHISTORY
9610209,CULTUREGEOGRAPHYHISTORY
9622085,HISTORYSCIENCE
9681397,GEOGRAPHYSCIENCE
9699353
9704143,CULTUREGEOGRAPHY
9709480,CULTURE
9711954,CULTUREGEOGRAPHY
9713168,HISTORYSCIENCE
9718376,HISTORY
9723138,CULTUREGEOGRAPHY
9727968,CULTURE
9746812,CULTURE
9764759
9765585,CULTUREGEOGRAPHY
9771158,GEOGRAPHY
9775015,CULTURE
9778360,CULTUREHISTORY
9781981,GEOGRAPHYSCIENCE
9800920
9801343
9808184,GEOGRAPHYHISTORY
9808516,GEOGRAPHYHISTORY
9809458,CULTUREGEOGRAPHYHISTORY
9809495,CULTUREGEOGRAPHY
9813741,GEOGRAPHY
9843567,CULTURE
9864241,HISTORY
9870045,CULTUREHISTORY
9872937
9915833,SCIENCE
9916781,CULTUREGEOGRAPHYHISTORY
9924893,CULTURE
9934530,GEOGRAPHYHISTORYSCIENCE
9937932,CULTURE
9944838,GEOGRAPHYHISTORY
9950643,SCIENCE
9975678,CULTURE
9984560,HISTORY
9988008,GEOGRAPHY
9994428,GEOGRAPHY
10000287,GEOGRAPHY
10005801,CULTUREGEOGRAPHY
10029193
10035748,CULTURE
10035910,SCIENCE
10038847,GEOGRAPHY
10042521,GEOGRAPHY
10078028,CULTUREGEOGRAPHYHISTORY
10106868,GEOGRAPHYHISTORY
10118647,CULTURE
10135209,CULTURE
10157158,CULTURE
10158373,CULTUREGEOGRAPHY
10168678
10172934,GEOGRAPHYHISTORY
10193852,CULTURE
10208996,GEOGRAPHYSCIENCE
10218387,CULTURE
10239051,GEOGRAPHYHISTORY
10239171,CULTUREGEOGRAPHY
10242718,HISTORY
10254613,CULTUREGEOGRAPHY
10308286,GEOGRAPHY
10310645,CULTUREGEOGRAPHY
10314724,CULTUREGEOGRAPHYHISTORY
10347869,CULTURE
10372772,GEOGRAPHYHISTORY
10373332,CULTUREGEOGRAPHY
10385086,HISTORY
10398052,HISTORYSCIENCE
10412631,CULTUREGEOGRAPHYHISTORY
10418681
10418694,CULTUREGEOGRAPHY
10429978
10431357,CULTUREGEOGRAPHY
10431906,GEOGRAPHYHISTORY
10438542
10444102,HISTORYSCIENCE
10469491,GEOGRAPHYHISTORY
10473000,CULTUREGEOGRAPHY
10491191,GEOGRAPHY
10506838,GEOGRAPHYHISTORY
10520817
10533235,GEOGRAPHYHISTORY
10547174
10560845,CULTUREHISTORY
10575816,SCIENCE
10584331,HISTORY
10594099,CULTURE
10606344,CULTURE
10614288,GEOGRAPHY
10620320,CULTURE
10634933,GEOGRAPHYHISTORY
10654272,CULTUREGEOGRAPHY
10677863,GEOGRAPHYSCIENCE
10716056,GEOGRAPHYHISTORYSCIENCE
10716775,GEOGRAPHY
10718497
10721311,CULTUREGEOGRAPHY
10739738,CULTURE
10746640
10747069,GEOGRAPHYHISTORY
10771083,CULTUREGEOGRAPHYHISTORY
10780921,CULTURE
10801573,CULTURE
10808948,GEOGRAPHYHISTORY
10820637,CULTUREHISTORY
10850914,CULTURE
10870232,GEOGRAPHY
10885244,GEOGRAPHY
10889137,CULTURE
10892843,CULTURE
10907834,SCIENCE
10951315,GEOGRAPHYHISTORY
10955636,CULTURE
10991941,GEOGRAPHYSCIENCE
10996592,CULTUREGEOGRAPHY
11011092,GEOGRAPHYHISTORY
11041485,CULTUREGEOGRAPHY
11056991,CULTURE
11063920,CULTUREGEOGRAPHY
11089390,CULTUREHISTORY
11093871
11097286,CULTURE
11105683,CULTUREGEOGRAPHY
11124904,CULTURE
11128046
11168160,CULTURE
11171415,CULTUREGEOGRAPHY
11210094,HISTORYSCIENCE
11221991,CULTUREGEOGRAPHY
11223118,CULTUREGEOGRAPHY
11238271,GEOGRAPHY
11255346,CULTURE
11263076,CULTURE
11271028,GEOGRAPHY
11271059,GEOGRAPHY
11307679,CULTURE
11334785,CULTUREGEOGRAPHYHISTORY
11350188,GEOGRAPHY
11354514
11372853,CULTURE
11393717
11419376,GEOGRAPHY
11438431,GEOGRAPHY
11450120,CULTUREGEOGRAPHY
11486672,CULTURE
11498719,CULTURE
11500693,CULTURE
11502994,CULTURE
11534083,CULTUREGEOGRAPHY
11542936,CULTURE
11545641,CULTURE
11580398,GEOGRAPHYSCIENCE
11585507,CULTURE
11585526,CULTUREGEOGRAPHYHISTORY
11585723,CULTURE
11587731,CULTUREGEOGRAPHY
11596020,SCIENCE
11609085,CULTUREGEOGRAPHY
11620362,SCIENCE
11643112,CULTUREGEOGRAPHY
11671499,CULTUREHISTORY
11687950,CULTUREGEOGRAPHY
11700539,HISTORYSCIENCE
11710817,GEOGRAPHY
11715434
11748203,CULTUREGEOGRAPHY
11784654
11789098,GEOGRAPHYHISTORY
11789724,CULTUREGEOGRAPHY
11798963,GEOGRAPHY
11801249,CULTUREGEOGRAPHY
11811872,CULTUREGEOGRAPHY
11823150
11828740,CULTUREGEOGRAPHY
11830457
11835224,CULTURE
11887218,GEOGRAPHYHISTORY
11891766,CULTUREGEOGRAPHY
11916304
11927826
11932504,GEOGRAPHYHISTORYSCIENCE
11934449,GEOGRAPHY
11952577,CULTURE
11953914,CULTUREGEOGRAPHYHISTORY
11957499,CULTUREGEOGRAPHYSCIENCE
11975905,HISTORY
11983302,CULTUREGEOGRAPHY
11989799
12010815,GEOGRAPHYHISTORY
12014603,GEOGRAPHYHISTORY
12023458,GEOGRAPHY
12034777,CULTUREHISTORY
12073990,HISTORYSCIENCE
12090030,HISTORY
12101464,CULTURE
12120735,GEOGRAPHY
12123161,CULTURE
12125835,CULTURE
12131247,CULTUREHISTORY
12150893
12164267
12182075,GEOGRAPHY
12184753,GEOGRAPHYSCIENCE
12189403,CULTURE
12192841,CULTURE
12200336,CULTURE
12215220,CULTUREGEOGRAPHY
12234888,GEOGRAPHYHISTORY
12265434,GEOGRAPHY
12267523,CULTUREGEOGRAPHY
12297110,CULTUREGEOGRAPHY
12298953,GEOGRAPHYHISTORYSCIENCE
12305127,SCIENCE
12346414
12348658
12349135,CULTURE
12354467
12368555,CULTUREHISTORY
12370973
12372494
12384036
12392180,GEOGRAPHYHISTORY
12403091
12415950,CULTUREGEOGRAPHY
12424727
12425449
12432365,GEOGRAPHY
12477310
12480352,CULTURE
12502252,CULTUREGEOGRAPHY
12526648
12538509,GEOGRAPHY
12545520,CULTUREGEOGRAPHY
12548138,CULTURE
12551029,SCIENCE
12551441,GEOGRAPHYHISTORY
12591857
12601835,GEOGRAPHYHISTORY
12622776,CULTUREHISTORY
12624655,GEOGRAPHYSCIENCE
12628313
12632699,CULTUREGEOGRAPHY
12639622,CULTUREGEOGRAPHY
12646556,GEOGRAPHY
12649059,SCIENCE
12649673,SCIENCE
12651620,SCIENCE
12655436,CULTUREHISTORY
12662488,GEOGRAPHYSCIENCE
12665353,SCIENCE
12665591,HISTORY
12670114,GEOGRAPHY
12687058,CULTURE
12724861
12754021,CULTURE
12772218,GEOGRAPHY
12811367,CULTUREGEOGRAPHYSCIENCE
12821413,GEOGRAPHY
12823596,CULTUREGEOGRAPHYHISTORY
12829833,CULTURE
12832972,CULTUREGEOGRAPHY
12833892,HISTORY
12838986,GEOGRAPHY
12850367,GEOGRAPHY
12852210
12857968,GEOGRAPHYHISTORY
12876087
12884746,CULTUREGEOGRAPHY
12890652,CULTURE
12911300
12913332
12917877,CULTUREGEOGRAPHY
12921994,GEOGRAPHYHISTORY
12924806
12929797,GEOGRAPHY
12934902,GEOGRAPHY
12943367,HISTORY
12964279,CULTURE
12987078,HISTORY
12987244,CULTUREGEOGRAPHY
12990206,GEOGRAPHYHISTORY
12996956,GEOGRAPHY
13002738,HISTORY
13009248,CULTUREGEOGRAPHY
13022223,CULTURE
13103146,GEOGRAPHYHISTORY
13105009,CULTUREHISTORY
13108891
13110047,CULTUREGEOGRAPHYHISTORY
13143043,GEOGRAPHY
13144830
13150750,GEOGRAPHY
13152041,CULTUREGEOGRAPHY
13160311,HISTORYSCIENCE
13222133,CULTUREGEOGRAPHYHISTORY
13254894,CULTUREHISTORY
13263593,GEOGRAPHYHISTORY
13342128,HISTORY
13349609,GEOGRAPHYHISTORY
13377503,GEOGRAPHY
13395099,CULTUREGEOGRAPHYHISTORY
13396066,CULTURE
13403355,CULTUREGEOGRAPHYHISTORY
13409094,GEOGRAPHYHISTORY
13410295,CULTUREHISTORY
13410538,GEOGRAPHY
13411107,CULTUREGEOGRAPHYHISTORY
13435350,GEOGRAPHYHISTORY
13442029
13456246,HISTORY
13478656,CULTURE
13484090,CULTURE
13494939,CULTUREGEOGRAPHYSCIENCE
13522828,CULTURE
13528643,CULTURE
13530776,CULTUREGEOGRAPHYHISTORY
13535638,CULTURE
13556483
13567383
13583174,HISTORY
13604945,HISTORY
13623554,CULTUREGEOGRAPHYHISTORY
13634749,CULTURE
13639844,CULTURE
13647176,CULTURE
13648938,CULTUREGEOGRAPHY
13705638,CULTURE
13728077,GEOGRAPHY
13799933,CULTURE
13816250,SCIENCE
13852542,GEOGRAPHYHISTORY
13856058,CULTUREHISTORY
13859595,CULTUREGEOGRAPHYSCIENCE
13887253
13916539,CULTURE
13922160,GEOGRAPHYHISTORY
13930090,GEOGRAPHYHISTORY
14005308,GEOGRAPHYHISTORY
14013932,CULTUREGEOGRAPHY
14019702,CULTUREGEOGRAPHY
14065666,CULTUREGEOGRAPHY
14099454,CULTUREGEOGRAPHY
14099918,CULTURE
14129054,GEOGRAPHY
14134854,GEOGRAPHY
14141266
14160777
14195043
14200992,CULTURE
14216187
14247212,CULTUREHISTORYSCIENCE
14368851,CULTUREGEOGRAPHY
14397498,GEOGRAPHYHISTORY
14409086
14419318,CULTUREGEOGRAPHY
14436597,CULTURE
14447707,GEOGRAPHY
14460597,SCIENCE
14474590,GEOGRAPHYHISTORY
14501355,SCIENCE
14524470,CULTUREGEOGRAPHY
14531118,CULTURE
14552623
14574654
14594770,CULTURE
14603010,CULTURE
14640471,SCIENCE
14658116,HISTORYSCIENCE
14705570
14758934,CULTURE
14770545,HISTORYSCIENCE
14783046
14820010,CULTUREGEOGRAPHY
14997536,CULTUREGEOGRAPHY
15040458
